WP1;Cum1
-0.089136;0
-0.101172;0.861585671712254
-0.113208;4.63603906641881
-0.125244;6.00100321619309
-0.13728;6.00100321619309
-0.149316;7.51467941341359
-0.161352;8.07707060871618
-0.173388;8.6117258269157
-0.185424;8.6117258269157
-0.19746;8.6117258269157
-0.209496;8.6117258269157
-0.221532;8.6117258269157
-0.233568;11.3086070048095
-0.245604;18.5358944852616
-0.25764;18.5358944852616
-0.269676;18.5358944852616
-0.281712;18.5358944852616
-0.293748;18.5358944852616
-0.305784;18.5358944852616
-0.31782;18.5358944852616
-0.329856;18.5358944852616
-0.341892;18.5358944852616
-0.353928;18.5358944852616
-0.365964;18.5358944852616
-0.378;18.5358944852616
-0.390036;18.5358944852616
-0.402072;18.5358944852616
-0.414108;18.5358944852616
-0.426144;18.5358944852616
-0.43818;18.5358944852616
-0.450216;18.6043492372606
-0.462252;18.6043492372606
-0.474288;18.6043492372606
-0.486324;18.6043492372606
-0.49836;19.4222654982149
-0.510396;19.4222654982149
-0.522432;19.581009707592
-0.534468;19.581009707592
-0.546504;19.581009707592
-0.55854;19.581009707592
-0.570576;19.581009707592
-0.582612;19.581009707592
-0.594648;19.581009707592
-0.606684;19.581009707592
-0.61872;19.581009707592
-0.630756;19.581009707592
-0.642792;19.581009707592
-0.654828;20.4296125815113
-0.666864;20.4296125815113
-0.6789;20.4296125815113
-0.690936;20.4296125815113
-0.702972;20.4296125815113
-0.715008;20.4296125815113
-0.727044;20.4296125815113
-0.73908;20.4296125815113
-0.751116;20.4296125815113
-0.763152;20.4296125815113
-0.775188;20.4296125815113
-0.787224;20.4296125815113
-0.79926;20.4296125815113
-0.811296;20.4296125815113
-0.823332;20.4296125815113
-0.835368;20.4296125815113
-0.847404;20.4296125815113
-0.85944;20.4296125815113
-0.871476;20.4296125815113
-0.883512;20.4296125815113
-0.895548;20.4296125815113
-0.907584;20.4296125815113
-0.91962;20.4296125815113
-0.852026;20.7577232893689
-0.854032;20.7577232893689
-0.856038;22.1203269304535
-0.858044;22.1203269304535
-0.86005;22.1203269304535
-0.862056;22.1203269304535
-0.864062;22.1203269304535
-0.866068;22.1203269304535
-0.868074;22.1203269304535
-0.87008;22.1203269304535
-0.872086;22.1203269304535
-0.874092;22.1203269304535
-0.876098;22.1203269304535
-0.878104;22.1203269304535
-0.88011;22.1203269304535
-0.882116;22.1203269304535
-0.884122;22.1203269304535
-0.886128;22.1203269304535
-0.888134;22.1203269304535
-0.89014;22.1203269304535
-0.892146;22.1203269304535
-0.894152;22.1203269304535
-0.896158;22.1203269304535
-0.898164;22.1203269304535
-0.90017;22.1203269304535
-0.902176;22.1203269304535
-0.904182;22.1203269304535
-0.906188;22.1203269304535
-0.908194;22.1203269304535
-0.9102;22.1203269304535
-0.912206;22.1203269304535
-0.914212;22.1203269304535
-0.916218;22.1203269304535
-0.918224;22.1203269304535
-0.92023;22.1203269304535
-0.922236;22.1203269304535
-0.924242;22.1203269304535
-0.926248;22.1203269304535
-0.928254;22.1203269304535
-0.93026;22.1203269304535
-0.932266;22.1203269304535
-0.934272;22.1203269304535
-0.936278;22.1203269304535
-0.938284;22.1203269304535
-0.94029;22.1203269304535
-0.942296;22.1203269304535
-0.944302;22.1203269304535
-0.946308;22.1203269304535
-0.948314;22.1203269304535
-0.95032;22.1203269304535
-0.952326;22.1203269304535
-0.954332;22.1203269304535
-0.956338;22.1203269304535
-0.958344;22.1203269304535
-0.96035;22.1203269304535
-0.962356;22.1203269304535
-0.964362;22.1203269304535
-0.966368;22.1203269304535
-0.968374;22.1203269304535
-0.97038;22.1203269304535
-0.972386;22.1203269304535
-0.974392;22.1203269304535
-0.976398;22.1203269304535
-0.978404;22.1203269304535
-0.98041;22.1203269304535
-0.982416;22.1203269304535
-0.984422;22.1203269304535
-0.986428;22.1203269304535
-0.988434;22.1203269304535
-0.99044;22.1203269304535
-0.992446;22.1203269304535
-0.994452;22.1203269304535
-0.996458;22.1203269304535
-0.998464;22.1203269304535
-1.00047;22.1203269304535
-1.002476;22.1203269304535
-1.004482;22.1203269304535
-1.006488;22.1203269304535
-1.008494;22.1203269304535
-1.0105;22.1203269304535
-1.012506;22.1203269304535
-1.014512;22.1203269304535
-1.016518;22.1203269304535
-1.018524;22.1203269304535
-1.02053;22.1203269304535
-1.022536;22.1203269304535
-1.024542;22.1203269304535
-1.026548;24.2170487740108
-1.028554;24.2170487740108
-1.03056;24.2170487740108
-1.032566;24.2170487740108
-1.034572;24.2170487740108
-1.036578;32.6830131893423
-1.038584;32.6830131893423
-1.04059;32.6830131893423
-1.042596;32.6830131893423
-1.044602;32.6830131893423
-1.046608;32.6830131893423
-1.048614;32.6830131893423
-1.05062;32.6830131893423
-1.052626;32.6830131893423
-1.054632;32.6830131893423
-1.056638;35.6419108317843
-1.058644;39.1130388598743
-1.06065;42.4431264937594
-1.062656;42.4431264937594
-1.064662;42.4431264937594
-1.066668;43.8936590835325
-1.068674;43.8936590835325
-1.07068;43.8936590835325
-1.072686;43.8936590835325
-1.074692;47.0006786462483
-1.076698;47.0006786462483
-1.078704;47.7595821899619
-1.08071;50.8040482724027
-1.082716;50.8040482724027
-1.084722;50.8040482724027
-1.086728;50.8040482724027
-1.088734;50.8040482724027
-1.09074;50.8040482724027
-1.092746;50.8040482724027
-1.094752;50.8040482724027
-1.096758;50.8040482724027
-1.098764;50.8040482724027
-1.10077;50.8040482724027
-1.102776;52.9574223245109
-1.104782;52.9574223245109
-1.106788;52.9574223245109
-1.108794;52.9574223245109
-1.1108;52.9574223245109
-1.112806;52.9574223245109
-1.114812;52.9574223245109
-1.116818;52.9574223245109
-1.118824;54.0615502640819
-1.12083;56.2993125018441
-1.122836;56.2993125018441
-1.124842;56.2993125018441
-1.126848;56.2993125018441
-1.128854;57.4099318403116
-1.13086;57.4099318403116
-1.132866;57.4099318403116
-1.134872;57.4099318403116
-1.136878;57.4099318403116
-1.138884;58.5417957569856
-1.14089;58.5417957569856
-1.142896;58.5417957569856
-1.144902;58.5417957569856
-1.146908;59.5550441120061
-1.148914;59.5550441120061
-1.15092;60.7748369773686
-1.152926;60.7748369773686
-1.154932;60.7748369773686
-1.156938;60.7748369773686
-1.158944;61.3448998259125
-1.16095;61.3448998259125
-1.162956;62.0825587914196
-1.164962;63.6517069428462
-1.166968;63.6517069428462
-1.168974;63.6517069428462
-1.17098;63.6517069428462
-1.172986;63.6517069428462
-1.174992;69.3358118674575
-1.176998;69.3358118674575
-1.179004;75.2719010946859
-1.18101;75.2719010946859
-1.183016;75.2719010946859
-1.185022;75.2719010946859
-1.187028;75.2719010946859
-1.189034;79.2912572659408
-1.19104;82.7387802071347
-1.193046;85.3270779853059
-1.195052;86.214629252604
-1.197058;87.0266442418341
-1.199064;87.0266442418341
-1.20107;87.0266442418341
-1.203076;87.0266442418341
-1.205082;89.1328081201499
-1.207088;89.5529786669027
-1.209094;89.5529786669027
-1.2111;89.5529786669027
-1.213106;89.5529786669027
-1.215112;91.7157947537695
-1.217118;93.3722817267121
-1.219124;93.3722817267121
-1.22113;93.3722817267121
-1.223136;94.8475996577263
-1.225142;94.8475996577263
-1.227148;95.6035525655779
-1.229154;95.6035525655779
-1.23116;95.6035525655779
-1.233166;95.6035525655779
-1.235172;95.6035525655779
-1.237178;96.3866513233602
-1.239184;97.1638488094185
-1.24119;97.1638488094185
-1.243196;97.1638488094185
-1.245202;97.1638488094185
-1.247208;97.1638488094185
-1.249214;97.1638488094185
-1.25122;97.1638488094185
-1.253226;97.1638488094185
-1.255232;97.1638488094185
-1.257238;97.1638488094185
-1.259244;97.1638488094185
-1.26125;97.1638488094185
-1.263256;97.1638488094185
-1.265262;97.1638488094185
-1.267268;97.1638488094185
-1.269274;97.1638488094185
-1.27128;97.1638488094185
-1.273286;97.1638488094185
-1.275292;97.1638488094185
-1.277298;97.1638488094185
-1.279304;97.1638488094185
-1.28131;97.1638488094185
-1.283316;97.1638488094185
-1.285322;97.1638488094185
-1.287328;97.1638488094185
-1.289334;99.015077749255
-1.29134;99.015077749255
-1.293346;99.015077749255
-1.295352;99.015077749255
-1.297358;99.015077749255
-1.299364;99.015077749255
-1.30137;99.015077749255
-1.303376;99.015077749255
-1.305382;99.015077749255
-1.307388;99.015077749255
-1.309394;99.015077749255
-1.3114;99.015077749255
-1.313406;99.015077749255
-1.315412;99.2552595084241
-1.317418;99.2552595084241
-1.319424;99.2552595084241
-1.32143;99.2552595084241
-1.323436;99.2552595084241
-1.325442;99.2552595084241
-1.327448;99.2552595084241
-1.329454;99.2552595084241
-1.33146;99.2552595084241
-1.333466;99.2552595084241
-1.335472;99.2552595084241
-1.337478;99.2552595084241
-1.339484;99.2552595084241
-1.34149;99.2552595084241
-1.343496;99.2552595084241
-1.345502;99.2552595084241
-1.347508;99.2552595084241
-1.349514;99.2552595084241
-1.35152;99.2552595084241
-1.353526;99.2552595084241
-1.355532;99.2552595084241
-1.357538;99.2552595084241
-1.359544;99.2552595084241
-1.36155;99.2552595084241
-1.363556;99.2552595084241
-1.365562;99.6789708182113
-1.367568;99.6789708182113
-1.369574;99.6789708182113
-1.37158;99.6789708182113
-1.373586;99.6789708182113
-1.375592;100
-0.113233;0
-0.124266;0
-0.135299;0
-0.146332;0
-0.157365;0
-0.168398;0
-0.179431;0
-0.190464;0
-0.201497;0
-0.21253;0
-0.223563;0
-0.234596;0
-0.245629;0
-0.256662;0
-0.267695;0
-0.278728;0
-0.289761;0
-0.300794;0
-0.311827;0
-0.32286;0
-0.333893;0
-0.344926;0
-0.355959;0
-0.366992;0
-0.378025;0
-0.389058;0
-0.400091;0
-0.411124;0
-0.422157;0
-0.43319;0
-0.444223;0
-0.455256;0
-0.466289;0
-0.477322;0
-0.488355;0
-0.499388;0
-0.510421;0
-0.521454;0
-0.532487;0
-0.54352;0
-0.554553;0
-0.565586;0
-0.576619;0
-0.587652;0
-0.598685;0
-0.609718;0
-0.620751;0
-0.631784;0
-0.642817;0
-0.65385;0
-0.664883;0
-0.675916;0
-0.686949;0
-0.697982;0
-0.709015;0
-0.720048;0
-0.731081;0
-0.742114;0
-0.753147;0
-0.76418;0
-0.775213;0
-0.786246;0
-0.797279;0
-0.808312;0
-0.819345;0
-0.830378;0
-0.841411;0
-0.852444;0
-0.863477;0
-0.66104;0
-0.665052;0
-0.669064;0
-0.673076;0
-0.677088;0
-0.6811;0
-0.685112;0
-0.689124;0
-0.693136;0
-0.697148;0
-0.70116;0
-0.705172;0
-0.709184;0
-0.713196;0
-0.717208;0
-0.72122;0
-0.725232;0
-0.729244;0
-0.733256;0
-0.737268;0
-0.74128;0
-0.745292;0
-0.749304;0
-0.753316;0
-0.757328;0
-0.76134;0
-0.765352;0
-0.769364;0.550365007360231
-0.773376;0.550365007360231
-0.777388;0.550365007360231
-0.7814;0.550365007360231
-0.785412;0.550365007360231
-0.789424;0.550365007360231
-0.793436;0.550365007360231
-0.797448;0.550365007360231
-0.80146;0.550365007360231
-0.805472;0.550365007360231
-0.809484;0.550365007360231
-0.813496;0.550365007360231
-0.817508;0.550365007360231
-0.82152;0.550365007360231
-0.825532;0.550365007360231
-0.829544;0.550365007360231
-0.833556;0.550365007360231
-0.837568;0.550365007360231
-0.84158;0.550365007360231
-0.845592;0.550365007360231
-0.849604;0.550365007360231
-0.853616;0.550365007360231
-0.857628;0.550365007360231
-0.86164;0.550365007360231
-0.865652;0.550365007360231
-0.869664;0.550365007360231
-0.873676;0.550365007360231
-0.877688;0.550365007360231
-0.8817;0.550365007360231
-0.885712;0.550365007360231
-0.889724;0.550365007360231
-0.893736;0.550365007360231
-0.897748;0.550365007360231
-0.90176;0.550365007360231
-0.905772;0.550365007360231
-0.909784;0.550365007360231
-0.913796;0.550365007360231
-0.917808;0.550365007360231
-0.92182;4.20284195031093
-0.925832;4.20284195031093
-0.929844;5.82209270886532
-0.933856;5.82209270886532
-0.937868;5.82209270886532
-0.94188;5.82209270886532
-0.945892;5.82209270886532
-0.949904;5.82209270886532
-0.953916;5.82209270886532
-0.957928;6.0798509928801
-0.96194;6.0798509928801
-0.965952;6.0798509928801
-0.969964;6.0798509928801
-0.973976;6.0798509928801
-0.977988;6.0798509928801
-0.982;6.0798509928801
-0.986012;6.0798509928801
-0.990024;6.0798509928801
-0.994036;6.0798509928801
-0.998048;6.0798509928801
-1.00206;6.0798509928801
-1.006072;6.0798509928801
-1.010084;6.0798509928801
-1.014096;6.0798509928801
-1.018108;6.0798509928801
-1.02212;6.0798509928801
-1.026132;6.0798509928801
-1.030144;6.0798509928801
-1.034156;6.0798509928801
-1.038168;6.0798509928801
-1.04218;6.0798509928801
-1.046192;6.0798509928801
-1.050204;6.0798509928801
-1.054216;6.0798509928801
-1.058228;6.0798509928801
-1.06224;6.0798509928801
-1.066252;6.0798509928801
-1.070264;6.0798509928801
-1.074276;6.0798509928801
-1.078288;6.0798509928801
-1.0823;6.0798509928801
-1.086312;6.0798509928801
-1.090324;6.0798509928801
-1.094336;6.0798509928801
-1.098348;6.0798509928801
-1.10236;7.99831766154955
-1.106372;7.99831766154955
-1.110384;7.99831766154955
-1.114396;7.99831766154955
-1.118408;7.99831766154955
-1.12242;7.99831766154955
-1.126432;7.99831766154955
-1.130444;7.99831766154955
-1.134456;7.99831766154955
-1.138468;7.99831766154955
-1.14248;7.99831766154955
-1.146492;7.99831766154955
-1.150504;7.99831766154955
-1.154516;7.99831766154955
-1.158528;7.99831766154955
-1.16254;7.99831766154955
-1.166552;7.99831766154955
-1.170564;15.916123411542
-1.174576;15.916123411542
-1.178588;29.5797158049689
-1.1826;29.5797158049689
-1.186612;30.39204494247
-1.190624;30.39204494247
-1.194636;42.5144951482561
-1.198648;42.5144951482561
-1.20266;44.2983747408898
-1.206672;44.2983747408898
-1.210684;44.2983747408898
-1.214696;44.2983747408898
-1.218708;45.4790158320065
-1.22272;45.4790158320065
-1.226732;48.0043260131583
-1.230744;48.0043260131583
-1.234756;55.2846456574639
-1.238768;57.5924535103794
-1.24278;57.5924535103794
-1.246792;57.5924535103794
-1.250804;57.5924535103794
-1.254816;58.4949079220116
-1.258828;58.4949079220116
-1.26284;58.4949079220116
-1.266852;58.4949079220116
-1.270864;58.4949079220116
-1.274876;58.4949079220116
-1.278888;58.4949079220116
-1.2829;58.4949079220116
-1.286912;58.4949079220116
-1.290924;58.4949079220116
-1.294936;58.9443326223451
-1.298948;58.9443326223451
-1.30296;58.9443326223451
-1.306972;58.9443326223451
-1.310984;58.9443326223451
-1.314996;58.9443326223451
-1.319008;58.9443326223451
-1.32302;58.9443326223451
-1.327032;59.6413014089585
-1.331044;65.2693243608616
-1.335056;65.2693243608616
-1.339068;65.2693243608616
-1.34308;65.2693243608616
-1.347092;65.6346321386728
-1.351104;65.6346321386728
-1.355116;65.6346321386728
-1.359128;67.1799801724397
-1.36314;67.1799801724397
-1.367152;67.1799801724397
-1.371164;67.1799801724397
-1.375176;67.1799801724397
-1.379188;68.5258509327966
-1.3832;68.5258509327966
-1.387212;68.5258509327966
-1.391224;68.5258509327966
-1.395236;68.5258509327966
-1.399248;69.2288280710187
-1.40326;69.2288280710187
-1.407272;69.2288280710187
-1.411284;69.2288280710187
-1.415296;69.2288280710187
-1.419308;73.2009493195542
-1.42332;73.2009493195542
-1.427332;73.9003214468111
-1.431344;73.9003214468111
-1.435356;73.9003214468111
-1.439368;73.9003214468111
-1.44338;73.9003214468111
-1.447392;73.9003214468111
-1.451404;73.9003214468111
-1.455416;73.9003214468111
-1.459428;73.9003214468111
-1.46344;73.9003214468111
-1.467452;75.1428485594977
-1.471464;75.1428485594977
-1.475476;75.1428485594977
-1.479488;75.1428485594977
-1.4835;79.7079941118154
-1.487512;79.7079941118154
-1.491524;80.6759395559828
-1.495536;80.6759395559828
-1.499548;82.2086700513714
-1.50356;82.2086700513714
-1.507572;82.2086700513714
-1.511584;82.2086700513714
-1.515596;82.2086700513714
-1.519608;82.2086700513714
-1.52362;82.2086700513714
-1.527632;82.2086700513714
-1.531644;82.2086700513714
-1.535656;82.2086700513714
-1.539668;82.2086700513714
-1.54368;82.2086700513714
-1.547692;82.2086700513714
-1.551704;82.2086700513714
-1.555716;82.2086700513714
-1.559728;82.4195631928381
-1.56374;83.4764322408147
-1.567752;86.9648811848469
-1.571764;87.6900892240214
-1.575776;87.6900892240214
-1.579788;87.6900892240214
-1.5838;87.6900892240214
-1.587812;87.6900892240214
-1.591824;87.6900892240214
-1.595836;87.6900892240214
-1.599848;87.6900892240214
-1.60386;94.1568780605041
-1.607872;94.1568780605041
-1.611884;94.1568780605041
-1.615896;94.9914380989575
-1.619908;94.9914380989575
-1.62392;94.9914380989575
-1.627932;98.5111304713552
-1.631944;98.5111304713552
-1.635956;98.5111304713552
-1.639968;98.5111304713552
-1.64398;98.5111304713552
-1.647992;98.5111304713552
-1.652004;98.5111304713552
-1.656016;98.5111304713552
-1.660028;98.5111304713552
-1.66404;98.5111304713552
-1.668052;98.5111304713552
-1.672064;99.2195151260252
-1.676076;99.2195151260252
-1.680088;100
-0.097336;0
-0.109372;0
-0.121408;0
-0.133444;0
-0.14548;0
-0.157516;0
-0.169552;0
-0.181588;0
-0.193624;0
-0.20566;0
-0.217696;0
-0.229732;0
-0.241768;0
-0.253804;0
-0.26584;0
-0.277876;0
-0.289912;0
-0.301948;0
-0.313984;0
-0.32602;0
-0.338056;0
-0.350092;0
-0.362128;0
-0.374164;0
-0.3862;0
-0.398236;0
-0.410272;0
-0.422308;1.10094901211341
-0.434344;1.10094901211341
-0.44638;1.10094901211341
-0.458416;1.10094901211341
-0.470452;1.10094901211341
-0.482488;1.10094901211341
-0.494524;1.10094901211341
-0.50656;1.10094901211341
-0.518596;1.10094901211341
-0.530632;1.10094901211341
-0.542668;1.10094901211341
-0.554704;1.10094901211341
-0.56674;1.10094901211341
-0.578776;1.10094901211341
-0.590812;3.83343917479272
-0.602848;3.83343917479272
-0.614884;5.64065736448831
-0.62692;5.64065736448831
-0.638956;5.64065736448831
-0.650992;5.64065736448831
-0.663028;5.64065736448831
-0.675064;5.64065736448831
-0.6871;5.64065736448831
-0.699136;5.64065736448831
-0.711172;5.64065736448831
-0.723208;5.64065736448831
-0.735244;5.64065736448831
-0.74728;5.64065736448831
-0.759316;5.64065736448831
-0.771352;5.64065736448831
-0.783388;5.64065736448831
-0.795424;5.64065736448831
-0.80746;5.64065736448831
-0.819496;5.64065736448831
-0.831532;5.64065736448831
-0.843568;5.64065736448831
-0.855604;5.64065736448831
-0.86764;5.64065736448831
-0.879676;5.64065736448831
-0.891712;5.64065736448831
-0.903748;5.64065736448831
-0.915784;5.64065736448831
-0.959742;5.64065736448831
-0.9599426;5.64065736448831
-0.9601432;5.64065736448831
-0.9603438;5.64065736448831
-0.9605444;5.64065736448831
-0.960745;5.64065736448831
-0.9609456;5.64065736448831
-0.9611462;5.64065736448831
-0.9613468;5.64065736448831
-0.9615474;5.64065736448831
-0.961748;5.64065736448831
-0.9619486;5.64065736448831
-0.9621492;5.64065736448831
-0.9623498;5.64065736448831
-0.9625504;5.64065736448831
-0.962751;5.64065736448831
-0.9629516;5.64065736448831
-0.9631522;5.64065736448831
-0.9633528;5.64065736448831
-0.9635534;5.64065736448831
-0.963754;5.64065736448831
-0.9639546;5.64065736448831
-0.9641552;6.00566202349087
-0.9643558;6.00566202349087
-0.9645564;6.00566202349087
-0.964757;6.00566202349087
-0.9649576;6.00566202349087
-0.9651582;6.00566202349087
-0.9653588;6.00566202349087
-0.9655594;6.00566202349087
-0.96576;6.00566202349087
-0.9659606;6.00566202349087
-0.9661612;6.00566202349087
-0.9663618;6.00566202349087
-0.9665624;6.00566202349087
-0.966763;6.00566202349087
-0.9669636;6.00566202349087
-0.9671642;6.00566202349087
-0.9673648;6.00566202349087
-0.9675654;6.00566202349087
-0.967766;6.00566202349087
-0.9679666;6.00566202349087
-0.9681672;6.00566202349087
-0.9683678;6.00566202349087
-0.9685684;6.00566202349087
-0.968769;6.00566202349087
-0.9689696;6.00566202349087
-0.9691702;6.00566202349087
-0.9693708;6.00566202349087
-0.9695714;6.00566202349087
-0.969772;7.16892890421447
-0.9699726;7.16892890421447
-0.9701732;7.16892890421447
-0.9703738;7.16892890421447
-0.9705744;7.16892890421447
-0.970775;8.0894528491136
-0.9709756;9.26043527547465
-0.9711762;9.26043527547465
-0.9713768;9.26043527547465
-0.9715774;9.26043527547465
-0.971778;9.26043527547465
-0.9719786;9.26043527547465
-0.9721792;9.26043527547465
-0.9723798;9.93762278103875
-0.9725804;9.93762278103875
-0.972781;9.93762278103875
-0.9729816;9.93762278103875
-0.9731822;9.93762278103875
-0.9733828;9.93762278103875
-0.9735834;9.93762278103875
-0.973784;9.93762278103875
-0.9739846;9.93762278103875
-0.9741852;9.93762278103875
-0.9743858;9.93762278103875
-0.9745864;9.93762278103875
-0.974787;9.93762278103875
-0.9749876;9.93762278103875
-0.9751882;10.7756497379682
-0.9753888;10.7756497379682
-0.9755894;10.7756497379682
-0.97579;10.7756497379682
-0.9759906;12.7181867280745
-0.9761912;12.7181867280745
-0.9763918;16.1753446771638
-0.9765924;16.1753446771638
-0.976793;16.1753446771638
-0.9769936;16.1753446771638
-0.9771942;16.1753446771638
-0.9773948;16.1753446771638
-0.9775954;16.1753446771638
-0.977796;16.1753446771638
-0.9779966;16.1753446771638
-0.9781972;16.1753446771638
-0.9783978;16.1753446771638
-0.9785984;16.1753446771638
-0.978799;16.1753446771638
-0.9789996;17.0495753482382
-0.9792002;17.0495753482382
-0.9794008;17.0495753482382
-0.9796014;17.0495753482382
-0.979802;17.0495753482382
-0.9800026;17.0495753482382
-0.9802032;17.5267521707391
-0.9804038;17.5267521707391
-0.9806044;17.5267521707391
-0.980805;17.5267521707391
-0.9810056;17.5267521707391
-0.9812062;17.7938287504971
-0.9814068;17.7938287504971
-0.9816074;17.7938287504971
-0.981808;17.7938287504971
-0.9820086;19.3476209411779
-0.9822092;19.3476209411779
-0.9824098;20.7649073244268
-0.9826104;20.7649073244268
-0.982811;20.7649073244268
-0.9830116;20.7649073244268
-0.9832122;20.7649073244268
-0.9834128;20.7649073244268
-0.9836134;20.7649073244268
-0.983814;20.7649073244268
-0.9840146;20.7649073244268
-0.9842152;20.7649073244268
-0.9844158;20.7649073244268
-0.9846164;20.7649073244268
-0.984817;20.7649073244268
-0.9850176;20.7649073244268
-0.9852182;20.7649073244268
-0.9854188;21.657536604329
-0.9856194;21.657536604329
-0.98582;21.657536604329
-0.9860206;21.657536604329
-0.9862212;21.657536604329
-0.9864218;21.657536604329
-0.9866224;21.657536604329
-0.986823;21.657536604329
-0.9870236;21.657536604329
-0.9872242;21.657536604329
-0.9874248;21.657536604329
-0.9876254;21.657536604329
-0.987826;21.657536604329
-0.9880266;21.657536604329
-0.9882272;21.657536604329
-0.9884278;21.657536604329
-0.9886284;21.657536604329
-0.988829;21.657536604329
-0.9890296;21.657536604329
-0.9892302;21.657536604329
-0.9894308;21.657536604329
-0.9896314;21.657536604329
-0.989832;21.657536604329
-0.9900326;21.657536604329
-0.9902332;21.657536604329
-0.9904338;21.657536604329
-0.9906344;21.657536604329
-0.990835;21.657536604329
-0.9910356;21.657536604329
-0.9912362;21.657536604329
-0.9914368;21.657536604329
-0.9916374;21.657536604329
-0.991838;22.212462386715
-0.9920386;22.212462386715
-0.9922392;22.212462386715
-0.9924398;22.212462386715
-0.9926404;24.1425358030993
-0.992841;24.1425358030993
-0.9930416;24.1425358030993
-0.9932422;24.1425358030993
-0.9934428;24.1425358030993
-0.9936434;24.1425358030993
-0.993844;24.1425358030993
-0.9940446;24.1425358030993
-0.9942452;24.8268453507902
-0.9944458;24.8268453507902
-0.9946464;24.8268453507902
-0.994847;24.8268453507902
-0.9950476;24.8268453507902
-0.9952482;24.8268453507902
-0.9954488;24.8268453507902
-0.9956494;24.8268453507902
-0.99585;24.8268453507902
-0.9960506;24.8268453507902
-0.9962512;29.3428135627422
-0.9964518;32.1358410835
-0.9966524;32.1358410835
-0.996853;32.1358410835
-0.9970536;32.1358410835
-0.9972542;32.1358410835
-0.9974548;33.6498685389724
-0.9976554;33.6498685389724
-0.997856;33.6498685389724
-0.9980566;38.6697212314011
-0.9982572;51.88941842591
-0.9984578;51.88941842591
-0.9986584;55.9934952015241
-0.998859;57.4078140672202
-0.9990596;57.4078140672202
-0.9992602;58.682066104421
-0.9994608;61.9041966633233
-0.9996614;61.9041966633233
-0.999862;61.9041966633233
-1.0000626;61.9041966633233
-1.0002632;61.9041966633233
-1.0004638;61.9041966633233
-1.0006644;64.0544598821302
-1.000865;67.0445305683983
-1.0010656;67.0445305683983
-1.0012662;67.0445305683983
-1.0014668;67.0445305683983
-1.0016674;73.1688932940038
-1.001868;73.1688932940038
-1.0020686;73.1688932940038
-1.0022692;73.1688932940038
-1.0024698;73.8822845137129
-1.0026704;74.1796297725101
-1.002871;75.3612952620615
-1.0030716;75.3612952620615
-1.0032722;77.2967102100409
-1.0034728;78.9466499694346
-1.0036734;78.9466499694346
-1.003874;80.0404769394211
-1.0040746;80.0404769394211
-1.0042752;80.0404769394211
-1.0044758;89.1020885388537
-1.0046764;91.2826204366999
-1.004877;91.2826204366999
-1.0050776;92.9930975541721
-1.0052782;92.9930975541721
-1.0054788;92.9930975541721
-1.0056794;92.9930975541721
-1.00588;92.9930975541721
-1.0060806;95.9006712524705
-1.0062812;95.9006712524705
-1.0064818;95.9006712524705
-1.0066824;95.9006712524705
-1.006883;95.9006712524705
-1.0070836;95.9006712524705
-1.0072842;95.9006712524705
-1.0074848;95.9006712524705
-1.0076854;95.9006712524705
-1.007886;95.9006712524705
-1.0080866;95.9006712524705
-1.0082872;96.7820239656718
-1.0084878;97.5470499908007
-1.0086884;97.5470499908007
-1.008889;97.5470499908007
-1.0090896;97.5470499908007
-1.0092902;97.5470499908007
-1.0094908;97.5470499908007
-1.0096914;97.5470499908007
-1.009892;97.5470499908007
-1.0100926;98.8658147912945
-1.0102932;98.8658147912945
-1.0104938;100
-0.24856861527951;0
-0.268705654147197;0
-0.288842693000333;0
-0.308979731882573;0
-0.329116770750261;0
-0.349253809617949;0
-0.369390848500188;0
-0.389527887367876;0
-0.409664926250116;0
-0.429801965117804;0
-0.449939004000043;0
-0.470076042853179;0
-0.490213081720867;0
-0.510350120588555;0
-0.530487159470795;0
-0.550624198338483;0
-0.570761237220722;0
-0.59089827608841;0
-0.61103531497065;0
-0.631172353838338;0
-0.651309392691473;0
-0.671446431559161;0
-0.691583470441401;0
-0.711720509309089;0
-0.731857548191329;0
-0.867185155053448;0
-0.868580279113303;0
-0.869975403174976;0
-0.87137052723665;0
-0.872765651296504;0
-0.874160775356358;0
-0.875555899418032;0
-0.876951023479705;0
-0.879741271601233;0
-0.881136395662907;0
-0.88253151972458;0
-0.883926643784434;0
-0.885321767844289;0
-0.886716891905962;0
-0.888112015967636;0
-0.88950714002749;0
-0.890902264089164;0
-0.892297388150837;0
-0.893692512210691;0
-0.895087636272365;0
-0.896482760334038;0
-0.897877884393893;0
-0.899273008453747;0
-0.90066813251542;0
-0.902063256577094;0
-0.903458380638767;0
-0.904853504698622;0
-0.906248628760295;0
-0.907643752821969;0
-0.909038876881822;0
-0.910434000941677;0
-0.911829125003351;0
-0.913224249065024;0
-0.914619373124879;0
-0.916014497186552;0
-0.917409621248225;0
-0.91880474530808;0
-0.920339381775193;0
-0.921734505836866;0
-0.924524753958394;0
-0.925919878020068;0
-0.927315002079922;0
-0.928710126141596;0
-0.930105250203269;0
-0.931500374264942;0
-0.932895498322978;0
-0.934290622384651;0
-0.935685746446325;0
-0.937080870507998;0
-0.938475994567852;0
-0.939871118629526;0
-0.941266242691199;0
-0.942661366751054;0
-0.944056490812727;0
-0.945451614872582;0
-0.946846738934255;0
-0.948241862994109;0
-0.949636987055783;0
-0.951032111117456;0
-0.952427235177311;0
-0.953822359238984;0
-0.955217483300657;0
-0.956612607362331;0
-0.958007731420366;0
-0.95940285548204;0
-0.960797979543713;0
-0.962193103605387;0
-0.963588227665241;0
-0.964983351726914;0
-0.966378475788588;0
-0.967773599848442;0
-0.969168723910116;0
-0.97056384796997;0
-0.971958972031643;0
-0.973354096091498;0
-0.974749220153171;0
-0.976144344214845;0
-0.977539468276518;0
-0.978934592336373;0
-0.980329716398046;0
-0.981724840459719;0
-0.983119964519574;0
-0.984515088579428;0
-0.985910212641102;0
-0.987305336702775;0
-0.98870046076263;0
-0.990095584824303;0
-0.991490708885976;0
-0.992885832945831;0
-0.994280957007504;0
-0.995676081067359;0
-0.997071205129032;0
-0.998466329188886;0
-0.99986145325056;0
-1.00125657731223;0
-1.00265170137391;0
-1.00404682543376;0
-1.00544194949543;0
-1.00683707355711;0
-1.00823219761696;0
-1.00962732167682;0
-1.01102244573849;0
-1.01241756980016;0
-1.01395220626728;0
-1.01534733032895;0
-1.0167424543888;0
-1.01813757844866;0
-1.01953270251033;0
-1.02092782657201;0
-1.02232295063186;0
-1.02371807469353;0
-1.02511319875521;0
-1.02650832281506;0
-1.02790344687673;0
-1.02929857093659;0
-1.03069369499826;0
-1.03208881905812;0
-1.03348394311979;0
-1.03487906718146;0
-1.03627419124314;0
-1.03766931530299;0
-1.03906443936467;0
-1.04045956342634;0
-1.04185468748619;0
-1.04324981154605;0
-1.04464493560772;0
-1.04604005966939;0
-1.04743518372925;0
-1.04883030779092;0
-1.0502254318526;0
-1.05162055591245;0
-1.05301567997412;0
-1.05441080403398;0
-1.05580592809565;0
-1.05720105215551;0
-1.05859617621718;0
-1.05999130027885;0
-1.06138642434053;0
-1.06278154840038;0
-1.06417667246205;0
-1.06557179652373;0
-1.06696692058358;0
-1.06836204464344;0
-1.06975716870511;0
-1.07115229276678;19.2734433449556
-1.07254741682664;19.2734433449556
-1.07394254088831;19.2734433449556
-1.07533766494998;19.2734433449556
-1.07673278901166;19.2734433449556
-1.07812791307151;19.2734433449556
-1.07952303713137;19.2734433449556
-1.08091816119304;19.2734433449556
-1.08231328525471;19.2734433449556
-1.08370840931457;19.2734433449556
-1.08510353337624;19.2734433449556
-1.08649865743791;19.2734433449556
-1.08789378149777;19.2734433449556
-1.08928890555944;19.2734433449556
-1.09068402962112;19.2734433449556
-1.09207915368097;19.2734433449556
-1.09347427774082;19.2734433449556
-1.0948694018025;19.2734433449556
-1.09626452586417;19.2734433449556
-1.09765964992403;19.2734433449556
-1.0990547739857;19.2734433449556
-1.10044989804737;19.2734433449556
-1.10198453451267;19.2734433449556
-1.10337965857434;19.2734433449556
-1.10477478263601;19.2734433449556
-1.10616990669587;19.2734433449556
-1.10756503075754;19.2734433449556
-1.10896015481921;19.2734433449556
-1.11035527888089;19.2734433449556
-1.11175040294074;46.5958978557615
-1.1131455270006;46.5958978557615
-1.11454065106227;60.4233424147033
-1.11593577512394;60.4233424147033
-1.1173308991838;60.4233424147033
-1.11872602324547;76.1536398413348
-1.12012114730715;76.1536398413348
-1.121516271367;76.1536398413348
-1.12291139542867;81.0985163958725
-1.12430651949035;81.0985163958725
-1.1257016435502;81.0985163958725
-1.12709676761006;81.0985163958725
-1.12849189167173;81.0985163958725
-1.1298870157334;81.0985163958725
-1.13128213979326;81.0985163958725
-1.13267726385493;81.0985163958725
-1.1340723879166;81.0985163958725
-1.13546751197828;81.0985163958725
-1.13686263603813;81.0985163958725
-1.13825776009799;81.0985163958725
-1.13965288415966;84.4765037195974
-1.14104800822133;84.4765037195974
-1.14244313228119;84.4765037195974
-1.14383825634286;84.4765037195974
-1.14523338040453;87.2961985291004
-1.14662850446439;87.2961985291004
-1.14802362852606;87.2961985291004
-1.14941875258774;90.1483604127553
-1.15081387664759;90.1483604127553
-1.15220900070744;92.5078697364521
-1.15360412476912;92.5078697364521
-1.15499924883079;92.5078697364521
-1.15639437289065;97.1605426236219
-1.15778949695232;97.1605426236219
-1.15918462101399;97.1605426236219
-1.16057974507567;97.1605426236219
-1.16197486913552;97.1605426236219
-1.16336999319537;97.1605426236219
-1.16476511725705;97.1605426236219
-1.16616024131872;100
-0.220404114777921;0
-0.244443826115457;0
-0.271154616493732;0
-0.297865406872006;0
-0.324576197250281;0
-0.351286987628555;0
-0.377997777977725;0
-0.404708568356;0
-0.43141935870517;0
-0.458130149083445;0
-0.484840939461719;0
-0.511551729839994;0
-0.538262520218268;0
-0.564973310596542;0
-0.591684100974817;0
-0.618394891323987;0
-0.645105681702262;0
-0.671816472080536;0
-0.698527262458811;0
-0.725238052837085;0
-0.729049525130904;0
-0.73023879728953;0
-0.731428069449066;0
-0.732617341607693;0
-0.73380661376541;0
-0.734995885924036;0
-0.736185158083572;0
-0.737374430242198;0
-0.738563702401734;0
-0.739752974560361;0
-0.740942246718987;0
-0.742131518878523;0
-0.743320791037149;0
-0.745223626491679;0
-0.745699335353493;0
-0.746888607513029;0
-0.748077879671655;0
-0.749267151830281;0
-0.750456423989817;0
-0.751645696148444;0
-0.75283496830798;0
-0.754024240466606;0
-0.755213512624323;0
-0.756402784782949;0
-0.757710984158621;0
-0.758900256317247;0
-0.760089528476783;0
-0.761278800635409;0
-0.762468072793126;0
-0.763657344951753;0
-0.764846617111289;0
-0.766035889269915;0
-0.767225161428541;0
-0.768414433588077;0
-0.769603705746704;0
-0.77079297790624;0
-0.771982250064866;0
-0.773171522222583;0
-0.774360794381209;0
-0.775550066540745;0
-0.776739338699372;0
-0.777928610857998;0
-0.779117883017534;0
-0.78030715517616;0
-0.781496427334787;0
-0.78220999063069;0
-0.783399262789317;0
-0.78387497165204;0
-0.785064243810666;0
-0.786253515970202;0
-0.787442788128828;0
-0.788632060287455;0
-0.789821332446991;0
-0.791010604605617;0
-0.792199876764244;0
-0.793389148923779;0
-0.794578421081496;0
-0.795767693240123;0
-0.796956965398749;0
-0.798146237558285;0
-0.799335509716911;0
-0.800524781876447;0
-0.801714054035074;0
-0.8029033261937;0
-0.804092598353236;0
-0.805281870510953;0
-0.806471142669579;0
-0.807660414828206;0
-0.808849686987742;0
-0.810038959146368;0
-0.811228231305904;0
-0.81241750346453;0
-0.813606775623157;0
-0.814796047782693;0
-0.81598531994041;0
-0.817174592099036;0
-0.818363864257662;0
-0.819553136417198;0
-0.820742408575825;0
-0.821931680734451;0
-0.823120952893987;0
-0.824310225052614;0
-0.825499497212149;0
-0.826688769369866;0
-0.827878041528493;0
-0.829067313687119;0
-0.830256585846655;0
-0.831445858005281;0
-0.832635130163908;0
-0.833824402323444;0
-0.83501367448207;0
-0.836202946640697;0
-0.837392218798414;0
-0.838581490957949;0
-0.839770763116576;0
-0.841078962492247;0
-0.842268234650874;0
-0.8434575068095;0
-0.844646778967217;0
-0.845836051126753;0
-0.847025323285379;0
-0.848214595444915;0
-0.849403867603542;0
-0.850593139762168;0
-0.851782411921704;0
-0.85297168408033;0
-0.854160956238957;0
-0.855350228396674;0
-0.85653950055621;0
-0.857728772714836;0
-0.858918044873462;0
-0.860107317032998;0
-0.861296589191625;0
-0.862485861351161;0
-0.863675133509787;0
-0.864864405668413;0
-0.86605367782613;0
-0.867242949985666;0
-0.868432222144293;0
-0.869621494302919;0
-0.870810766462455;0
-0.872000038621081;0
-0.873189310780617;0
-0.874378582939244;0
-0.87556785509787;0
-0.876757127255587;0
-0.877946399415123;0
-0.879135671573749;0
-0.880324943732376;0
-0.881514215891912;0
-0.882703488050538;0
-0.883892760209164;0
-0.8850820323687;0
-0.886271304527327;0
-0.887460576685044;0
-0.88864984884458;0
-0.889839121003206;0
-0.891028393161832;0
-0.892217665321368;0
-0.893406937479995;0
-0.894596209638621;0
-0.895785481798157;0
-0.896974753956783;0
-0.8981640261145;0
-0.899353298273127;0
-0.900542570432663;0
-0.901731842591289;0
-0.902921114750825;0
-0.904110386909451;0
-0.905299659068078;0
-0.906488931227614;0
-0.90767820338624;0
-0.908867475543957;0
-0.910056747702583;0
-0.911246019862119;0
-0.912554219236881;0
-0.913743491396417;0
-0.914932763555043;0
-0.91612203571276;0
-0.917311307871387;11.3020911689484
-0.918500580030923;11.3020911689484
-0.919689852189549;11.3020911689484
-0.920879124348176;11.3020911689484
-0.922068396507711;11.3020911689484
-0.923257668666338;11.3020911689484
-0.924446940825874;11.3020911689484
-0.9256362129845;11.3020911689484
-0.926825485142217;11.3020911689484
-0.928014757300843;13.7004162278722
-0.929204029460379;13.7004162278722
-0.930393301619006;13.7004162278722
-0.931582573777632;13.7004162278722
-0.932771845937168;13.7004162278722
-0.933961118095795;13.7004162278722
-0.93515039025533;13.7004162278722
-0.936339662413957;28.2257660097287
-0.937528934571674;28.2257660097287
-0.9387182067303;28.2257660097287
-0.939907478889836;31.9241763201444
-0.941096751048462;44.38593851863
-0.942286023207089;44.38593851863
-0.943475295366625;44.38593851863
-0.944664567525251;59.4491249185096
-0.945853839683878;59.4491249185096
-0.947043111843413;59.4491249185096
-0.94823238400113;59.4491249185096
-0.949421656159757;59.4491249185096
-0.950610928319293;59.4491249185096
-0.951800200477919;59.4491249185096
-0.952989472636546;59.4491249185096
-0.954178744796081;64.2219547665614
-0.955368016954708;64.2219547665614
-0.956557289113334;64.2219547665614
-0.95774656127287;78.5730404693847
-0.958935833430587;78.5730404693847
-0.960125105589213;78.5730404693847
-0.96131437774784;85.6012737575849
-0.962503649907376;89.1981344967655
-0.963692922066002;89.1981344967655
-0.964882194225538;89.1981344967655
-0.966071466384165;89.1981344967655
-0.967260738542791;89.1981344967655
-0.968450010702327;89.1981344967655
-0.969639282860044;89.1981344967655
-0.97082855501867;91.6027280477408
-0.972017827177297;93.6663156311118
-0.973207099336832;93.6663156311118
-0.974396371495459;93.6663156311118
-0.975585643654995;93.6663156311118
-0.976774915813621;98.2912090667469
-0.977964187972247;98.2912090667469
-0.979153460131784;98.2912090667469
-0.9803427322895;98.2912090667469
-0.981532004448127;98.2912090667469
-0.982721276606753;98.2912090667469
-0.983910548766289;98.2912090667469
-0.985099820924916;98.2912090667469
-0.986289093083542;98.2912090667469
-0.987478365243078;98.2912090667469
-0.988667637401704;98.2912090667469
-0.98985690956124;98.2912090667469
-0.991046181718957;98.2912090667469
-0.992235453877583;98.2912090667469
-0.99342472603621;98.2912090667469
-0.994613998195746;98.2912090667469
-0.995803270354372;98.2912090667469
-0.996992542512999;100
